id,label
11927,User 11927
13282,User 13282
12874,User 12874
13794,User 13794
11691,User 11691
10140,User 10140
11692,User 11692
12946,User 12946
11945,User 11945
11854,User 11854
10509,User 10509
10610,User 10610
11868,User 11868
11285,User 11285
12471,User 12471
11408,User 11408
13991,User 13991
12381,User 12381
5885,User 5885
10944,User 10944
9246,User 9246
13034,User 13034
9731,User 9731
10111,User 10111
19724,User 19724
10249,User 10249
14248,User 14248
8484,User 8484
15604,User 15604
9011,User 9011
6063,User 6063
7563,User 7563
12476,User 12476
14603,User 14603
16569,User 16569
15547,User 15547
6342,User 6342
10246,User 10246
23612,User 23612
3922,User 3922
3662,User 3662
13544,User 13544
11999,User 11999
18031,User 18031
18313,User 18313
17663,User 17663
10402,User 10402
48482,User 48482
14546,User 14546
11599,User 11599
6630,User 6630
21228,User 21228
30313,User 30313
7001,User 7001
10751,User 10751
17566,User 17566
27612,User 27612
10727,User 10727
18361,User 18361
24499,User 24499
15748,User 15748
19729,User 19729
14192,User 14192
13776,User 13776
17984,User 17984
17228,User 17228
17643,User 17643
32055,User 32055
8370,User 8370
16913,User 16913
11445,User 11445
53292,User 53292
26244,User 26244
32923,User 32923
21217,User 21217
8710,User 8710
12455,User 12455
19171,User 19171
32305,User 32305
16377,User 16377
4536,User 4536
23576,User 23576
5272,User 5272
51166,User 51166
19526,User 19526
1169,User 1169
9722,User 9722
2900,User 2900
5379,User 5379
10288,User 10288
9771,User 9771
51480,User 51480
8167,User 8167
26398,User 26398
42810,User 42810
26145,User 26145
8669,User 8669
17242,User 17242
45269,User 45269
33716,User 33716
5461,User 5461
5115,User 5115
11239,User 11239
30601,User 30601
32748,User 32748
3739,User 3739
30681,User 30681
29689,User 29689
48559,User 48559
14222,User 14222
45554,User 45554
47800,User 47800
25164,User 25164
24845,User 24845
8612,User 8612
51838,User 51838
8440,User 8440
28767,User 28767
21733,User 21733
48687,User 48687
20406,User 20406
51762,User 51762
50101,User 50101
50102,User 50102
49297,User 49297
35982,User 35982
49295,User 49295
50133,User 50133
51460,User 51460
439,User 439
36099,User 36099
37284,User 37284
29703,User 29703
32592,User 32592
9244,User 9244
9804,User 9804
28158,User 28158
26718,User 26718
46482,User 46482
38080,User 38080
1952,User 1952
24834,User 24834
24326,User 24326
46977,User 46977
18857,User 18857
20967,User 20967
23303,User 23303
12466,User 12466
52036,User 52036
6634,User 6634
45493,User 45493
14285,User 14285
42574,User 42574
2487,User 2487
2077,User 2077
588,User 588
36695,User 36695
37834,User 37834
3087,User 3087
13407,User 13407
21676,User 21676
5645,User 5645
13360,User 13360
6252,User 6252
8510,User 8510
8454,User 8454
